timestamp,CI_Alpha,alpha_apen,beta_apen,theta_apen,prediction,label
2025-06-07T15:28:40.788639,49.86318541851407,0.05406722127027663,0.05406722127027663,0.05406722127027663,1,High Load
2025-06-07T15:28:43.127409,49.86318541851407,0.05406722127027663,0.05406722127027663,0.05406722127027663,1,High Load
2025-06-07T15:28:45.825789,49.86318541851407,0.05406722127027663,0.05406722127027663,0.05406722127027663,1,High Load
2025-06-07T15:28:48.162149,49.86318541851407,0.05406722127027663,0.05406722127027663,0.05406722127027663,1,High Load
2025-06-07T15:28:50.868248,49.86318541851407,0.05406722127027663,0.05406722127027663,0.05406722127027663,1,High Load
2025-06-07T15:28:53.204124,49.86318541851407,0.05406722127027663,0.05406722127027663,0.05406722127027663,1,High Load
2025-06-07T15:28:55.851856,49.86318541851407,0.05406722127027663,0.05406722127027663,0.05406722127027663,1,High Load
2025-06-07T15:28:58.251982,49.86318541851407,0.05406722127027663,0.05406722127027663,0.05406722127027663,1,High Load
2025-06-07T15:29:00.951356,49.86318541851407,0.05406722127027663,0.05406722127027663,0.05406722127027663,1,High Load
2025-06-07T15:29:03.227223,49.86318541851407,0.05406722127027663,0.05406722127027663,0.05406722127027663,1,High Load
2025-06-07T15:29:05.985153,49.86318541851407,0.05406722127027663,0.05406722127027663,0.05406722127027663,1,High Load
2025-06-07T15:29:08.268645,49.86318541851407,0.05406722127027663,0.05406722127027663,0.05406722127027663,1,High Load
2025-06-07T15:29:11.024199,49.86318541851407,0.05406722127027663,0.05406722127027663,0.05406722127027663,1,High Load
2025-06-07T15:29:13.305142,49.86318541851407,0.05406722127027663,0.05406722127027663,0.05406722127027663,1,High Load
2025-06-07T15:29:16.065038,49.86318541851407,0.05406722127027663,0.05406722127027663,0.05406722127027663,1,High Load
2025-06-07T15:29:18.352952,32.85572037612432,0.015220407517218648,0.014577944190512148,0.012329322547039412,1,High Load
2025-06-07T15:29:21.104318,29.626140914470916,0.06956812574318448,0.04019142968083894,0.01811149248739786,1,High Load
2025-06-07T15:29:23.389552,38.23063713030555,0.008153310923447232,0.00911700591350697,0.11515193176739409,1,High Load
2025-06-07T15:29:26.146711,34.36498030733199,0.002371140983088882,0.0039772992998550975,0.002371140983088882,1,High Load
2025-06-07T15:29:28.422033,29.92137975079353,0.05406722127027663,0.05406722127027663,0.05406722127027663,1,High Load
2025-06-07T15:29:31.125321,29.92137975079353,0.05406722127027663,0.05406722127027663,0.05406722127027663,1,High Load
2025-06-07T15:29:33.461305,29.92137975079353,0.05406722127027663,0.05406722127027663,0.05406722127027663,1,High Load
2025-06-07T15:29:36.163497,29.92137975079353,0.05406722127027663,0.05406722127027663,0.05406722127027663,1,High Load
2025-06-07T15:29:38.509041,29.92137975079353,0.05406722127027663,0.05406722127027663,0.05406722127027663,1,High Load
2025-06-07T15:29:41.204054,29.92137975079353,0.05406722127027663,0.05406722127027663,0.05406722127027663,1,High Load
2025-06-07T15:29:43.549477,29.92137975079353,0.05406722127027663,0.05406722127027663,0.05406722127027663,1,High Load
2025-06-07T15:29:46.247600,29.92137975079353,0.05406722127027663,0.05406722127027663,0.05406722127027663,1,High Load
2025-06-07T15:29:48.591903,29.92137975079353,0.05406722127027663,0.05406722127027663,0.05406722127027663,1,High Load
2025-06-07T15:29:51.283504,29.92137975079353,0.05406722127027663,0.05406722127027663,0.05406722127027663,1,High Load
2025-06-07T15:29:53.632301,29.92137975079353,0.05406722127027663,0.05406722127027663,0.05406722127027663,1,High Load
2025-06-07T15:29:56.331056,29.92137975079353,0.05406722127027663,0.05406722127027663,0.05406722127027663,1,High Load
2025-06-07T15:29:58.668910,29.92137975079353,0.05406722127027663,0.05406722127027663,0.05406722127027663,1,High Load
2025-06-07T15:30:01.363326,29.92137975079353,0.05406722127027663,0.05406722127027663,0.05406722127027663,1,High Load
2025-06-07T15:30:03.704478,29.92137975079353,0.05406722127027663,0.05406722127027663,0.05406722127027663,1,High Load
2025-06-07T15:31:36.104288,29.743252461117986,0.4749263129532732,0.430334258988056,0.34665678164332425,1,High Load
2025-06-07T15:31:38.865303,25.75094516315205,0.14211971087848901,0.11598422305142062,0.14719640034180292,1,High Load
2025-06-07T15:31:41.152738,39.244463908236746,0.2821574985601434,0.24670826902761772,0.23427682537461508,1,High Load
2025-06-07T15:31:43.850004,43.303924456742614,0.22511752484875736,0.22511752484875736,0.22511752484875736,1,High Load
2025-06-07T15:31:46.184503,42.37298239103758,0.31236207219299994,0.27194963785401294,0.26043173204252223,1,High Load
2025-06-07T15:31:48.883024,42.721259193829155,0.325274515541809,0.325274515541809,0.3367530517209937,1,High Load
2025-06-07T15:31:51.220354,49.25851125935102,0.43472339562459067,0.30778685351526464,0.2471246439234279,1,High Load
2025-06-07T15:31:53.983104,44.97356306878492,0.2837176410636127,0.3252399222436104,0.2837176410636127,1,High Load
2025-06-07T15:31:56.201655,50.364003484302444,0.16805963377931152,0.16805963377931152,0.16884412899761045,1,High Load
2025-06-07T15:31:58.970831,40.81153355011824,0.3562548779247865,0.39953001313760533,0.3227543351975311,1,High Load
2025-06-07T15:32:01.248336,49.42607862213238,0.3848215752756048,0.368022026279478,0.33133862750179016,1,High Load
2025-06-07T15:32:04.003793,44.33041378439022,0.22761136363975046,0.3177518482299289,0.24820990124081424,1,High Load
2025-06-07T15:32:06.284891,55.58519504752205,0.1599277025990806,0.20910646795015234,0.11952806288057069,1,High Load
2025-06-07T15:32:09.102865,56.56052253814573,0.19251302280897936,0.19251302280897936,0.19251302280897936,1,High Load
2025-06-07T15:32:11.320518,54.422301556907826,0.2162089849613254,0.22225742033349088,0.20822037918401737,1,High Load
2025-06-07T15:32:14.084774,56.95541079623757,0.18023787525761437,0.1875341613687717,0.1875341613687717,1,High Load
2025-06-07T15:32:16.374256,56.65347799693088,0.19668424604741325,0.19668424604741325,0.19668424604741325,1,High Load
2025-06-07T15:32:19.131136,56.95251767445255,0.19648978224582353,0.20929394355450234,0.20929394355450234,1,High Load
2025-06-07T15:32:21.470454,53.49070165994749,0.2783827549069624,0.278297793763269,0.2779911177118542,1,High Load
2025-06-07T15:32:24.163732,56.62602446596428,0.18005328357212652,0.18005328357212652,0.18005328357212652,1,High Load
2025-06-07T15:32:26.509254,56.95190365778362,0.2090336638040343,0.23092252213750625,0.23092252213750625,1,High Load
2025-06-07T15:32:29.146765,53.684865458844136,0.41272619302089597,0.37463742256287036,0.3027644136423838,1,High Load
2025-06-07T15:32:31.548754,52.8196768317733,0.1355975741982317,0.11817850096519451,0.03615349544155387,1,High Load
2025-06-07T15:32:34.244075,50.77799650453079,0.29191102426321763,0.2554325869254835,0.20151381016293407,1,High Load
2025-06-07T15:32:36.584644,53.63017952459692,0.16995959106513076,0.16855938314725988,0.15909828883442517,1,High Load
2025-06-07T15:32:39.282483,52.744410361697604,0.3913709138689067,0.2954001309998168,0.3074311749462656,1,High Load
2025-06-07T15:32:41.563918,52.83383093781461,0.2990483634346418,0.3018899595471323,0.22162424562432131,1,High Load
2025-06-07T15:32:44.328631,22.620250503263744,0.012008090883686151,0.02068134579422386,0.05287869952931525,1,High Load
2025-06-07T15:32:46.665314,2.7292184292717687,0.02068134579422386,0.016184102507278364,0.019396419140810816,1,High Load
2025-06-07T15:32:49.312543,-17.858612834906083,0.005904689279974551,0.002371140983088882,0.002371140983088882,0,Low Load
2025-06-07T15:32:51.706180,-41.21121536577776,0.03587736900365166,0.011686859220332902,0.12134250538096754,0,Low Load
2025-06-07T15:32:54.409103,-58.51068376851255,0.043569017010429624,0.06759229914134264,0.03602244095599329,0,Low Load
2025-06-07T15:32:56.689800,-1.088902752783341,0.0036560676365018476,0.004940994289914802,0.003334835973148609,1,High Load
2025-06-07T15:32:59.387809,13.460754916556967,0.1399019018421523,0.10302701424096519,0.04468278021361135,1,High Load
2025-06-07T15:33:01.790689,44.7366574480804,0.00847454258680046,0.1267501167718739,0.01962560865819678,1,High Load
2025-06-07T15:33:04.484248,46.603836269963374,0.08790695514594235,0.1277708121422171,0.10811621761243093,1,High Load
2025-06-07T15:33:06.823368,-16.208224798074394,0.13924893816416567,0.13729512046700973,0.10946077216572452,0,Low Load
2025-06-07T15:33:09.534889,-31.516594615778075,0.002371140983088882,0.002371140983088882,0.014164670381191614,0,Low Load
2025-06-07T15:33:11.803196,-44.678123074123064,0.07937649901365912,0.006547152606681028,0.13062626664795282,0,Low Load
2025-06-07T15:33:14.572362,-72.57920313502979,0.1370811431271375,0.020038882467517338,0.07989888384271533,0,Low Load
2025-06-07T15:33:16.843194,-24.063876588099536,0.002371140983088882,0.0326650523701192,0.022608735774343313,0,Low Load
2025-06-07T15:33:19.611484,1.7985302399576506,0.009874063998906479,0.003977299299855086,0.026616192819980032,1,High Load
2025-06-07T15:33:21.826633,12.568089539986198,0.0039772992998550975,0.049449360840130754,0.11742250071207991,1,High Load
2025-06-07T15:33:24.643133,20.133019633189964,0.0042985309632083465,0.13147644192283575,0.132241055741586,1,High Load
2025-06-07T15:33:26.864534,19.546045284549997,0.11406116018143934,0.002371140983088882,0.0148991758538654,1,High Load
2025-06-07T15:33:29.626055,-20.689108365743376,0.002371140983088882,0.002371140983088882,0.002371140983088882,0,Low Load
2025-06-07T15:33:31.903994,1.6849064700013598,0.003013604309795359,0.024122851945142208,0.002371140983088882,1,High Load
2025-06-07T15:33:34.610497,-17.40377855768344,0.0026923726464421205,0.11125807937532244,0.002371140983088882,0,Low Load
2025-06-07T15:33:36.884264,7.507945364759962,0.002371140983088882,0.07113187006726253,0.0887474775959824,1,High Load
2025-06-07T15:33:39.706424,7.962888866364606,0.02578996464920552,0.025552385544452418,0.008795774250153755,1,High Load
2025-06-07T15:33:41.934370,-26.708387989485487,0.048913752107289196,0.021323809120930338,0.08965567666719398,0,Low Load
2025-06-07T15:33:44.749413,-37.58928240754624,0.0691788026191343,0.010723164230273197,0.07492174345218884,0,Low Load
2025-06-07T15:33:47.023060,-14.317616129722824,0.03819501517392191,0.002371140983088882,0.011365627556979707,0,Low Load
2025-06-07T15:33:49.788305,-18.53129259315791,0.06687093313853282,0.11861477163316521,0.0674000827477186,0,Low Load
2025-06-07T15:33:52.063530,-18.54758608269485,0.27190424666034513,0.35815091312073183,0.28691179454405785,0,Low Load
2025-06-07T15:33:54.821753,-18.551093756626837,0.2648913376844571,0.3370707041576301,0.3499164053152274,0,Low Load
2025-06-07T15:33:57.044061,-16.67879664952571,0.07075681120313716,0.05589536444739536,0.12813812818519416,0,Low Load
2025-06-07T15:33:59.869424,8.399641032840746,0.11288900909199917,0.01329301753709915,0.08883017109353081,1,High Load
2025-06-07T15:34:02.091123,-42.12613667870545,0.12320961784966515,0.012008090883686184,0.060628326781443385,0,Low Load
2025-06-07T15:34:04.847850,-35.88711400291501,0.3485821644654473,0.2482988722516913,0.30487051237322066,0,Low Load
2025-06-07T15:34:07.184064,-35.95985232599564,0.11907098442713471,0.10013334786276136,0.10188097202761752,0,Low Load
2025-06-07T15:34:09.885927,-54.62342937586192,0.002371140983088882,0.002371140983088882,0.11735024248637535,0,Low Load
2025-06-07T15:34:12.163353,-71.6252983420291,0.11675433413099254,0.002371140983088882,0.11006843878630476,0,Low Load
2025-06-07T15:34:14.924628,-69.45817122437971,0.18971304182432505,0.1503410020625619,0.15066017834517373,0,Low Load
2025-06-07T15:34:17.203646,-69.45258627563571,0.28736024113919223,0.27867488900302906,0.28744230078341015,0,Low Load
2025-06-07T15:34:19.902691,-68.89060837635732,0.028214746003690026,0.052951587577928005,0.030547485212207126,0,Low Load
2025-06-07T15:34:22.250869,-68.29249705903926,0.13582505356890526,0.04131179237746985,0.05257709490217453,0,Low Load
2025-06-07T15:34:24.946094,-68.37028867344402,0.3791665247999837,0.3577201038997776,0.28693640945924737,0,Low Load
2025-06-07T15:34:27.284190,-68.36004539644019,0.35706755511715244,0.3547189667467893,0.2813639951279406,0,Low Load
2025-06-07T15:34:29.980578,-68.37143776151365,0.3227060415080219,0.4187009330542522,0.33875187136197865,0,Low Load
2025-06-07T15:34:32.328030,-68.31226368279563,0.20858085454044453,0.19403635462464258,0.24442235217485395,0,Low Load
2025-06-07T15:34:35.091009,-68.35654075011352,0.20380225867561746,0.16978220400637464,0.26166665826147906,0,Low Load
2025-06-07T15:34:37.363912,-68.3733381693238,0.23408144902247052,0.2232065093889764,0.2232065093889764,0,Low Load
2025-06-07T15:34:40.124666,-68.370891964072,0.21581220570692183,0.014187222993917009,0.19163449226034035,0,Low Load
2025-06-07T15:34:42.350524,-68.35648784934163,0.29833820899125973,0.27975593991393477,0.25764150070540454,0,Low Load
2025-06-07T15:34:45.168276,-68.36366703950272,0.24887477721161028,0.26184287818228474,0.3024153778649139,0,Low Load
2025-06-07T15:34:47.387449,-68.36802286044815,0.27019108676509596,0.31432299456803386,0.26897314425419894,0,Low Load
2025-06-07T15:34:50.085589,-68.37909875282064,0.27439017624660733,0.27703059875054203,0.42765802438902273,0,Low Load
2025-06-07T15:34:52.486796,-68.44722559727032,0.10606594688322565,0.10549532892884077,0.11320420507764191,0,Low Load
2025-06-07T15:34:55.188868,-54.98229748453335,0.10703638811659759,0.10703638811659759,0.10703638811659759,0,Low Load
2025-06-07T15:34:57.468253,-35.275266428705024,0.056542914778943,0.056542914778943,0.056542914778943,0,Low Load
2025-06-07T15:35:00.166158,-35.275266428705024,0.05406722127027663,0.05406722127027663,0.05406722127027663,0,Low Load
2025-06-07T15:35:02.515823,-35.275266428705024,0.05406722127027663,0.05406722127027663,0.05406722127027663,0,Low Load
2025-06-07T15:35:05.265420,-35.275266428705024,0.05406722127027663,0.05406722127027663,0.05406722127027663,0,Low Load
2025-06-07T15:35:07.542798,-35.275266428705024,0.05406722127027663,0.05406722127027663,0.05406722127027663,0,Low Load
2025-06-07T15:35:10.307679,-7.213472980459991,0.008795774250153654,0.008795774250153654,0.008795774250153654,0,Low Load
2025-06-07T15:35:12.531311,48.13784140313044,0.22218348231356444,0.2313319113773309,0.20161591522050787,1,High Load
2025-06-07T15:35:15.344994,48.1089165431215,0.21740948109916433,0.1265317092285344,0.13821190111187592,1,High Load
2025-06-07T15:35:17.626517,48.107416762301206,0.05406722127027663,0.05406722127027663,0.05406722127027663,1,High Load
2025-06-07T15:35:20.387593,48.107416762301206,0.05406722127027663,0.05406722127027663,0.05406722127027663,1,High Load
2025-06-07T15:35:22.659882,48.107416762301206,0.05406722127027663,0.05406722127027663,0.05406722127027663,1,High Load
2025-06-07T15:35:25.426644,48.107416762301206,0.05406722127027663,0.05406722127027663,0.05406722127027663,1,High Load
2025-06-07T15:35:27.641600,48.107416762301206,0.05406722127027663,0.05406722127027663,0.05406722127027663,1,High Load
2025-06-07T15:35:30.404772,48.107416762301206,0.05406722127027663,0.05406722127027663,0.05406722127027663,1,High Load
2025-06-07T15:35:32.694787,48.107416762301206,0.05406722127027663,0.05406722127027663,0.05406722127027663,1,High Load
2025-06-07T15:35:35.323077,48.107416762301206,0.05406722127027663,0.05406722127027663,0.05406722127027663,1,High Load
2025-06-07T15:35:37.723874,48.107416762301206,0.05406722127027663,0.05406722127027663,0.05406722127027663,1,High Load
2025-06-07T15:35:40.484375,48.107416762301206,0.05406722127027663,0.05406722127027663,0.05406722127027663,1,High Load
2025-06-07T15:35:42.762190,48.107416762301206,0.05406722127027663,0.05406722127027663,0.05406722127027663,1,High Load
2025-06-07T15:35:45.525973,27.356556761820343,0.024971952176508983,0.06513103432624275,0.007832079260094004,1,High Load
2025-06-07T15:35:47.803540,36.73425060937557,0.03770662395194599,0.02927779715561842,0.07739701941582529,1,High Load
2025-06-07T15:35:50.564072,29.380374617883433,0.056542914778943,0.056542914778943,0.056542914778943,1,High Load
2025-06-07T15:35:52.846785,29.380374617883433,0.05406722127027663,0.05406722127027663,0.05406722127027663,1,High Load
2025-06-07T15:35:55.605147,29.380374617883433,0.05406722127027663,0.05406722127027663,0.05406722127027663,1,High Load
2025-06-07T15:35:57.883631,29.380374617883433,0.05406722127027663,0.05406722127027663,0.05406722127027663,1,High Load
2025-06-07T15:36:00.643306,29.380374617883433,0.05406722127027663,0.05406722127027663,0.05406722127027663,1,High Load
2025-06-08T21:34:48.790761,21.779002477665195,0.0,0.0,0.0,1,High Load
2025-06-08T21:34:50.796657,-3.95721359720833,0.0,0.0,0.0,1,High Load
2025-06-08T21:34:53.807056,-9.227384941191174,0.0,0.0,0.0,0,Low Load
2025-06-08T21:34:55.816542,-1.9112471593909406,0.0,0.0,0.0,1,High Load
2025-06-08T21:34:58.832377,-26.89458161369548,0.0,0.0,0.0,0,Low Load
2025-06-08T21:35:00.840115,-18.721349783620347,0.0,0.0,0.0,0,Low Load
2025-06-08T21:35:03.849379,11.976653920596195,0.0,0.0,0.0,1,High Load
2025-06-08T21:35:05.957215,-3.7339012521243005,0.0,0.0,0.0,1,High Load
2025-06-08T21:35:08.866985,-4.36342938683735,0.0,0.0,0.0,1,High Load
2025-06-08T21:35:10.872155,-23.742687371652448,0.0,0.0,0.0,0,Low Load
2025-06-08T21:35:13.881535,-16.269167556173965,0.0,0.0,0.0,0,Low Load
2025-06-08T21:35:15.989696,0.28997452786584044,0.0,0.0,0.0,1,High Load
2025-06-08T21:35:18.900246,0.5536957734888771,0.0,0.0,0.0,1,High Load
2025-06-08T21:35:21.006978,-3.008667826660967,0.0,0.0,0.0,1,High Load
2025-06-08T21:35:23.918694,-12.196375738689202,0.0,0.0,0.0,0,Low Load
2025-06-08T21:35:26.026133,-8.204401722282478,0.0,0.0,0.0,0,Low Load
2025-06-08T21:35:28.936392,-0.7266283383261855,0.0,0.0,0.0,1,High Load
2025-06-08T21:35:31.044379,-6.009560387742425,0.0,0.0,0.0,0,Low Load
2025-06-08T21:35:33.954258,-2.8427786560271353,0.0,0.0,0.0,1,High Load
2025-06-08T21:35:36.062360,-2.3047022435865983,0.0,0.0,0.0,1,High Load
2025-06-08T21:35:38.972271,-4.163511668381169,0.0,0.0,0.0,1,High Load
2025-06-08T21:35:41.080668,-15.818289297528107,0.0,0.0,0.0,0,Low Load
2025-06-08T21:35:43.991136,-26.917976240323316,0.0,0.0,0.0,0,Low Load
2025-06-08T21:35:46.097331,9.139523745909695,0.0,0.0,0.0,1,High Load
2025-06-08T21:35:49.008122,-2.3770129077090205,0.0,0.0,0.0,1,High Load
2025-06-08T21:35:51.114349,-14.174285080861942,0.0,0.0,0.0,0,Low Load
2025-06-08T21:35:54.023749,-6.398761903460263,0.0,0.0,0.0,0,Low Load
2025-06-08T21:35:56.130847,-17.330432891382745,0.0,0.0,0.0,0,Low Load
2025-06-08T21:35:59.040422,3.2164296405859423,0.0,0.0,0.0,1,High Load
2025-06-08T21:36:01.150333,-24.461540444399112,0.0,0.0,0.0,0,Low Load
2025-06-08T21:36:04.059982,-21.91577971044128,0.0,0.0,0.0,0,Low Load
2025-06-08T21:36:06.167896,-12.15171326967239,0.0,0.0,0.0,0,Low Load
2025-06-08T21:36:09.087752,-21.441506825167615,0.0,0.0,0.0,0,Low Load
2025-06-08T21:36:11.196499,3.594997235109329,0.0,0.0,0.0,1,High Load
2025-06-08T21:36:14.107536,-8.748858487439731,0.0,0.0,0.0,0,Low Load
2025-06-08T21:36:16.216643,-17.05820450880414,0.0,0.0,0.0,0,Low Load
2025-06-08T21:36:19.128106,-4.146497394470012,0.0,0.0,0.0,1,High Load
2025-06-08T21:36:21.235641,6.504438073918251,0.0,0.0,0.0,1,High Load
2025-06-08T21:36:24.147524,21.966159490688007,0.0,0.0,0.0,1,High Load
2025-06-08T21:36:26.254977,-11.909259866438305,0.0,0.0,0.0,0,Low Load
2025-06-08T21:36:29.165184,-5.833037295914105,0.0,0.0,0.0,0,Low Load
2025-06-08T21:36:31.272217,-0.07157879274638905,0.0,0.0,0.0,1,High Load
2025-06-08T21:36:34.181718,-14.750643609602598,0.0,0.0,0.0,0,Low Load
2025-06-08T21:36:36.290170,-23.066369983683735,0.0,0.0,0.0,0,Low Load
2025-06-08T21:36:39.200596,-11.979443746321842,0.0,0.0,0.0,0,Low Load
2025-06-08T21:36:41.308542,3.178147524285834,0.0,0.0,0.0,1,High Load
2025-06-08T21:36:44.218779,-12.362264909323047,0.0,0.0,0.0,0,Low Load
2025-06-08T21:36:46.325971,-2.44932357183149,0.0,0.0,0.0,1,High Load
2025-06-08T21:36:49.236991,-0.8818835877655532,0.0,0.0,0.0,1,High Load
2025-06-08T21:36:51.344816,-24.182931709103805,0.0,0.0,0.0,0,Low Load
2025-06-08T21:36:54.255529,18.654756430727822,0.0,0.0,0.0,1,High Load
2025-06-08T21:36:56.363131,-19.35938505528898,0.0,0.0,0.0,0,Low Load
2025-06-08T21:36:59.272982,8.125047663956579,0.0,0.0,0.0,1,High Load
2025-06-08T21:37:01.379932,-15.899107098606096,0.0,0.0,0.0,0,Low Load
2025-06-08T21:37:04.293248,-1.6283848556178382,0.0,0.0,0.0,1,High Load
2025-06-08T21:37:06.399737,-1.607117013228886,0.0,0.0,0.0,1,High Load
2025-06-08T21:37:09.310769,4.247919996450216,0.0,0.0,0.0,1,High Load
2025-06-08T21:37:11.417863,5.670738652271261,0.0,0.0,0.0,1,High Load
2025-06-08T21:37:14.327644,-6.120153168164991,0.0,0.0,0.0,0,Low Load
2025-06-08T21:37:16.435317,-4.761138039510813,0.0,0.0,0.0,1,High Load
2025-06-08T21:37:19.344587,-7.528084334313742,0.0,0.0,0.0,0,Low Load
2025-06-08T21:37:21.452557,-0.03116989220735919,0.0,0.0,0.0,1,High Load
2025-06-08T21:37:24.362835,4.152214705699921,0.0,0.0,0.0,1,High Load
2025-06-08T21:37:26.471523,-19.214763727044083,0.0,0.0,0.0,0,Low Load
2025-06-08T21:37:29.381553,-8.091682157621037,0.0,0.0,0.0,0,Low Load
2025-06-08T21:37:31.588605,16.423759764126512,0.0,0.0,0.0,1,High Load
2025-06-08T21:37:34.398888,-27.219979602246486,0.0,0.0,0.0,0,Low Load
2025-06-08T21:37:36.607136,-23.738433803174676,0.0,0.0,0.0,0,Low Load
2025-06-08T21:37:39.416711,-13.731913959171699,0.0,0.0,0.0,0,Low Load
2025-06-08T21:37:41.622808,8.648236586724845,0.0,0.0,0.0,1,High Load
2025-06-08T21:37:44.432224,4.532909084462217,0.0,0.0,0.0,1,High Load
2025-06-08T21:37:46.639792,2.1232625417936877,0.0,0.0,0.0,1,High Load
2025-06-08T21:37:49.452177,-12.368645262039728,0.0,0.0,0.0,0,Low Load
2025-06-08T21:37:51.659175,-3.897663638519258,0.0,0.0,0.0,1,High Load
2025-06-08T21:37:54.467752,-25.592989659491476,0.0,0.0,0.0,0,Low Load
2025-06-08T21:37:56.673708,-3.129894528278022,0.0,0.0,0.0,1,High Load
2025-06-08T21:37:59.484230,-18.931901423271004,0.0,0.0,0.0,0,Low Load
2025-06-08T21:38:01.692387,-17.13902230988215,0.0,0.0,0.0,0,Low Load
2025-06-08T21:38:04.501646,-3.4744335749790705,0.0,0.0,0.0,1,High Load
2025-06-08T21:38:06.708459,4.203257527433415,0.0,0.0,0.0,1,High Load
2025-06-08T21:38:09.517177,-2.1856023262084534,0.0,0.0,0.0,1,High Load
2025-06-08T21:38:11.725634,-9.703784610703751,0.0,0.0,0.0,0,Low Load
2025-06-08T21:38:14.536460,2.472055156972532,0.0,0.0,0.0,1,High Load
2025-06-08T21:38:16.743326,0.20915672678780434,0.0,0.0,0.0,1,High Load
2025-06-08T21:38:19.552394,-18.56184096570321,0.0,0.0,0.0,0,Low Load
2025-06-08T21:38:21.758861,-4.193286647725711,0.0,0.0,0.0,1,High Load
2025-06-08T21:38:24.667676,-18.370430384202617,0.0,0.0,0.0,0,Low Load
2025-06-08T21:38:26.782639,-24.189312061820488,0.0,0.0,0.0,0,Low Load
2025-06-08T21:38:29.591066,-29.010731931396407,0.0,0.0,0.0,0,Low Load
2025-06-08T21:38:31.798496,4.205384311672312,0.0,0.0,0.0,1,High Load
2025-06-08T21:38:34.707356,-1.1179566382829453,0.0,0.0,0.0,1,High Load
2025-06-08T21:38:36.815015,-8.719083508095189,0.0,0.0,0.0,0,Low Load
2025-06-08T21:38:39.726850,8.34836000904061,0.0,0.0,0.0,1,High Load
2025-06-08T21:38:41.834751,-3.829606542874595,0.0,0.0,0.0,1,High Load
2025-06-08T21:38:44.746025,3.488658023164546,0.0,0.0,0.0,1,High Load
2025-06-08T21:38:46.851721,-21.626537053951502,0.0,0.0,0.0,0,Low Load
2025-06-08T21:38:49.761656,-18.359796463008145,0.0,0.0,0.0,0,Low Load
2025-06-08T21:38:51.870487,14.222538076869753,0.0,0.0,0.0,1,High Load
2025-06-08T21:38:54.780889,-13.731913959171699,0.0,0.0,0.0,0,Low Load
2025-06-08T21:38:56.887866,-3.504208554323577,0.0,0.0,0.0,1,High Load
2025-06-08T21:38:59.797883,0.789768824006269,0.0,0.0,0.0,1,High Load
2025-06-08T21:39:02.006833,-3.023555316333262,0.0,0.0,0.0,1,High Load
2025-06-08T21:39:04.817887,5.332579958286881,0.0,0.0,0.0,1,High Load
2025-06-08T21:39:06.927317,-8.338389129332917,0.0,0.0,0.0,0,Low Load
2025-06-08T21:39:09.838557,2.2019535586328263,0.0,0.0,0.0,1,High Load
2025-06-08T21:39:11.947972,10.081689163740366,0.0,0.0,0.0,1,High Load
2025-06-08T21:39:14.858735,10.224183707746349,0.0,0.0,0.0,1,High Load
2025-06-08T21:39:16.966505,-24.93794011391167,0.0,0.0,0.0,0,Low Load
2025-06-08T21:39:19.876113,-2.536521725626183,0.0,0.0,0.0,1,High Load
2025-06-08T21:39:22.082646,1.3172113152523304,0.0,0.0,0.0,1,High Load
2025-06-08T21:39:24.891757,-18.619264140153387,0.0,0.0,0.0,0,Low Load
2025-06-08T21:39:27.099282,-5.679908830713611,0.0,0.0,0.0,0,Low Load
2025-06-08T21:39:29.906996,8.112286958523205,0.0,0.0,0.0,1,High Load
2025-06-08T21:39:32.120398,-14.810193568291682,0.0,0.0,0.0,0,Low Load
2025-06-08T21:39:34.931200,-11.381817375192279,0.0,0.0,0.0,0,Low Load
2025-06-08T21:39:37.138935,-20.454678938320143,0.0,0.0,0.0,0,Low Load
2025-06-08T21:39:39.948615,-3.595660276596113,0.0,0.0,0.0,1,High Load
2025-06-08T21:39:42.158131,15.032842871888919,0.0,0.0,0.0,1,High Load
2025-06-08T21:39:44.969485,-18.946788912943276,0.0,0.0,0.0,0,Low Load
2025-06-08T21:39:47.178221,-9.635727515059125,0.0,0.0,0.0,0,Low Load
2025-06-08T21:39:49.991367,0.6898099647781668,0.0,0.0,0.0,1,High Load
2025-06-08T21:39:52.200322,-5.988292545353461,0.0,0.0,0.0,0,Low Load
2025-06-08T21:39:55.009479,-22.453856122881856,0.0,0.0,0.0,0,Low Load
2025-06-08T21:39:57.216422,-16.145814070317975,0.0,0.0,0.0,0,Low Load
2025-06-08T21:40:00.026227,-5.095043165017387,0.0,0.0,0.0,0,Low Load
2025-06-08T21:40:02.233774,-9.184849256413269,0.0,0.0,0.0,0,Low Load
2025-06-08T21:40:05.042835,-16.65411550341401,0.0,0.0,0.0,0,Low Load
2025-06-08T21:40:07.250035,-4.750504118316303,0.0,0.0,0.0,1,High Load
2025-06-08T21:40:10.059251,-0.26298937424696794,0.0,0.0,0.0,1,High Load
2025-06-08T21:40:12.266648,-6.873034788733934,0.0,0.0,0.0,0,Low Load
2025-06-08T21:40:15.077998,-25.720596713825213,0.0,0.0,0.0,0,Low Load
2025-06-08T21:40:17.287879,1.2108721033075591,0.0,0.0,0.0,1,High Load
2025-06-08T21:40:20.103032,-13.812731760249713,0.0,0.0,0.0,0,Low Load
2025-06-08T21:40:22.313157,-6.934711531661904,0.0,0.0,0.0,0,Low Load
2025-06-08T21:40:25.125617,-14.350808172690261,0.0,0.0,0.0,0,Low Load
2025-06-08T21:40:27.235951,-30.98864127356917,0.0,0.0,0.0,0,Low Load
2025-06-08T21:40:30.151243,-18.081187727712837,0.0,0.0,0.0,0,Low Load
2025-06-08T21:40:32.259637,-8.359656971721845,0.0,0.0,0.0,0,Low Load
2025-06-08T21:40:35.169748,-25.750371693169733,0.0,0.0,0.0,0,Low Load
2025-06-08T21:40:37.277747,-18.761758684159364,0.0,0.0,0.0,0,Low Load
2025-06-08T21:40:40.188748,-10.490694779095067,0.0,0.0,0.0,0,Low Load
2025-06-08T21:40:42.298790,-26.382026612121656,0.0,0.0,0.0,0,Low Load
2025-06-08T21:40:45.208414,-17.075218782715297,0.0,0.0,0.0,0,Low Load
2025-06-08T21:40:47.317112,17.6934499547471,0.0,0.0,0.0,1,High Load
2025-06-08T21:40:50.228170,-14.480542011262882,0.0,0.0,0.0,0,Low Load
2025-06-08T21:40:52.335274,2.408251629805676,0.0,0.0,0.0,1,High Load
2025-06-08T21:40:55.252662,-0.4671606611809439,0.0,0.0,0.0,1,High Load
2025-06-08T21:40:57.358580,-20.786457279587804,0.0,0.0,0.0,0,Low Load
2025-06-08T21:41:00.267736,-9.780348843304017,0.0,0.0,0.0,0,Low Load
2025-06-08T21:41:02.376697,2.440153393389104,0.0,0.0,0.0,1,High Load
2025-06-08T21:41:05.386374,10.094449869173753,0.0,0.0,0.0,1,High Load
2025-06-08T21:41:07.394823,-4.493163225409971,0.0,0.0,0.0,1,High Load
2025-06-08T21:41:10.405375,-15.044139834570178,0.0,0.0,0.0,0,Low Load
2025-06-08T21:41:12.411543,-14.344427819973578,0.0,0.0,0.0,0,Low Load
2025-06-08T21:41:15.422106,0.4856386778442145,0.0,0.0,0.0,1,High Load
2025-06-08T21:41:17.529553,0.19639602135443085,0.0,0.0,0.0,1,High Load
2025-06-08T21:41:20.439891,-18.466135674952902,0.0,0.0,0.0,0,Low Load
2025-06-08T21:41:22.547091,9.560627025210998,0.0,0.0,0.0,1,High Load
2025-06-08T21:41:25.456691,-16.18409618661813,0.0,0.0,0.0,0,Low Load
2025-06-08T21:41:27.565173,-5.095043165017375,0.0,0.0,0.0,0,Low Load
2025-06-08T21:41:30.475872,-8.850944130906695,0.0,0.0,0.0,0,Low Load
2025-06-08T21:41:32.585295,-12.566436196257023,0.0,0.0,0.0,0,Low Load
2025-06-08T21:41:35.494959,-3.163923076100335,0.0,0.0,0.0,1,High Load
2025-06-08T21:41:37.602652,-8.278839170643833,0.0,0.0,0.0,0,Low Load
2025-06-08T21:41:40.512423,-20.23987373019169,0.0,0.0,0.0,0,Low Load
2025-06-08T21:41:42.619110,-18.574601671136595,0.0,0.0,0.0,0,Low Load
2025-06-08T21:41:45.529536,-11.422226275731273,0.0,0.0,0.0,0,Low Load
2025-06-08T21:41:47.637721,-2.8576661456994064,0.0,0.0,0.0,1,High Load
2025-06-08T21:41:50.549477,9.116129119281846,0.0,0.0,0.0,1,High Load
2025-06-08T21:41:52.657480,-10.214212828038669,0.0,0.0,0.0,0,Low Load
2025-06-08T21:41:55.566909,-17.79832542393973,0.0,0.0,0.0,0,Low Load
2025-06-08T21:41:57.673963,-5.701176673102587,0.0,0.0,0.0,0,Low Load
2025-06-08T21:42:00.583786,17.010752214061657,0.0,0.0,0.0,1,High Load
2025-06-08T21:42:02.690958,-7.842848401670248,0.0,0.0,0.0,0,Low Load
2025-06-08T21:42:05.608464,-24.206326335731642,0.0,0.0,0.0,0,Low Load
2025-06-08T21:42:07.721771,-8.738224566245233,0.0,0.0,0.0,0,Low Load
2025-06-08T21:42:10.739918,-9.761207785153928,0.0,0.0,0.0,0,Low Load
2025-06-08T21:42:12.748410,-4.771771960705278,0.0,0.0,0.0,1,High Load
2025-06-08T21:42:15.757884,-24.48918863950472,0.0,0.0,0.0,0,Low Load
2025-06-08T21:42:17.864684,10.292240803391012,0.0,0.0,0.0,1,High Load
2025-06-08T21:42:20.777029,14.660655630082214,0.0,0.0,0.0,1,High Load
2025-06-08T21:42:22.885513,-5.665021341041352,0.0,0.0,0.0,0,Low Load
2025-06-08T21:42:25.795344,3.7013364470541004,0.0,0.0,0.0,1,High Load
2025-06-08T21:42:27.901070,-20.18245055574154,0.0,0.0,0.0,0,Low Load
2025-06-08T21:42:30.809918,13.34204940196704,0.0,0.0,0.0,1,High Load
2025-06-08T21:42:32.917085,-15.605610873638565,0.0,0.0,0.0,0,Low Load
2025-06-08T21:42:35.825684,3.5609686872869917,0.0,0.0,0.0,1,High Load
2025-06-08T21:42:37.932276,17.293614517834747,0.0,0.0,0.0,1,High Load
2025-06-08T21:42:40.842245,-14.659191887330111,0.0,0.0,0.0,0,Low Load
2025-06-08T21:42:42.950230,-33.63648765099396,0.0,0.0,0.0,0,Low Load
2025-06-08T21:42:45.860481,14.692557393665654,0.0,0.0,0.0,1,High Load
2025-06-08T21:42:47.969385,-13.272528563570276,0.0,0.0,0.0,0,Low Load
2025-06-08T21:42:50.885875,-14.891011369369696,0.0,0.0,0.0,0,Low Load
2025-06-08T21:42:52.994896,-7.428125475085663,0.0,0.0,0.0,0,Low Load
2025-06-08T21:42:55.905859,2.51246405751155,0.0,0.0,0.0,1,High Load
2025-06-08T21:42:58.012329,8.890689989958931,0.0,0.0,0.0,1,High Load
2025-06-08T21:43:00.922222,-7.126122113162518,0.0,0.0,0.0,0,Low Load
2025-06-08T21:43:03.028792,-9.901575544921023,0.0,0.0,0.0,0,Low Load
2025-06-08T21:43:05.937440,-20.897050060010404,0.0,0.0,0.0,0,Low Load
2025-06-08T21:43:08.043565,1.3384791576412707,0.0,0.0,0.0,1,High Load
2025-06-08T21:43:10.953671,8.714166898130598,0.0,0.0,0.0,1,High Load
2025-06-08T21:43:13.061978,8.735434740519562,0.0,0.0,0.0,1,High Load
2025-06-08T21:43:15.969907,22.36599492760033,0.0,0.0,0.0,1,High Load
2025-06-08T21:43:18.077293,-21.607395995801433,0.0,0.0,0.0,0,Low Load
2025-06-08T21:43:20.987153,14.769121626265871,0.0,0.0,0.0,1,High Load
2025-06-08T21:43:23.095638,-7.02403646969553,0.0,0.0,0.0,0,Low Load
2025-06-08T21:43:26.006767,7.5976051727105185,0.0,0.0,0.0,1,High Load
2025-06-08T21:43:28.114117,-3.6658441564796496,0.0,0.0,0.0,1,High Load
2025-06-08T21:43:31.025257,24.188649020333713,0.0,0.0,0.0,1,High Load
2025-06-08T21:43:33.133575,-17.453786377238682,0.0,0.0,0.0,0,Low Load
2025-06-08T21:43:36.044119,-7.876876949492585,0.0,0.0,0.0,0,Low Load
2025-06-08T21:43:38.151898,-6.269028064887642,0.0,0.0,0.0,0,Low Load
2025-06-08T21:43:41.063339,-3.5297299651903242,0.0,0.0,0.0,1,High Load
2025-06-08T21:43:43.174818,10.82393686311488,0.0,0.0,0.0,1,High Load
2025-06-08T21:43:46.085190,11.604466678789489,0.0,0.0,0.0,1,High Load
2025-06-08T21:43:48.191922,8.665250860636014,0.0,0.0,0.0,1,High Load
2025-06-08T21:43:51.101383,0.6983171017337334,0.0,0.0,0.0,1,High Load
2025-06-08T21:43:53.209042,-7.934300123942785,0.0,0.0,0.0,0,Low Load
2025-06-08T21:43:56.121140,-0.9818424469936436,0.0,0.0,0.0,1,High Load
2025-06-08T21:43:58.228877,-6.79434377189483,0.0,0.0,0.0,0,Low Load
2025-06-08T21:44:01.238767,-17.370841791921762,0.0,0.0,0.0,0,Low Load
2025-06-08T21:44:03.244527,13.13787811503309,0.0,0.0,0.0,1,High Load
2025-06-08T21:44:06.255286,-25.057040031289812,0.0,0.0,0.0,0,Low Load
2025-06-08T21:44:08.260386,-8.721210292334074,0.0,0.0,0.0,0,Low Load
2025-06-08T21:44:11.270345,-13.727660390693904,0.0,0.0,0.0,0,Low Load
2025-06-08T21:44:13.276397,-14.061565516200478,0.0,0.0,0.0,0,Low Load
2025-06-08T21:44:16.285562,0.9216294468177755,0.0,0.0,0.0,1,High Load
2025-06-08T21:44:18.294562,-4.625023848221501,0.0,0.0,0.0,1,High Load
2025-06-08T21:44:21.308236,-16.871047495781344,0.0,0.0,0.0,0,Low Load
2025-06-08T21:44:23.317500,-2.7321858756045807,0.0,0.0,0.0,1,High Load
2025-06-08T21:44:26.329050,4.02886121984398,0.0,0.0,0.0,1,High Load
2025-06-08T21:44:28.336348,-18.687321235798034,0.0,0.0,0.0,0,Low Load
2025-06-08T21:44:31.347531,-5.0567610487172665,0.0,0.0,0.0,0,Low Load
2025-06-08T21:44:33.356523,-9.51662759768098,0.0,0.0,0.0,0,Low Load
2025-06-08T21:44:36.366425,1.6192146771754758,0.0,0.0,0.0,1,High Load
2025-06-08T21:44:38.474639,-10.146155732393995,0.0,0.0,0.0,0,Low Load
2025-06-08T21:44:41.386716,-18.115216275535147,0.0,0.0,0.0,0,Low Load
2025-06-08T21:44:43.494276,-13.655349726571458,0.0,0.0,0.0,0,Low Load
2025-06-08T21:44:46.403424,-12.428195220728789,0.0,0.0,0.0,0,Low Load
2025-06-08T21:44:48.513885,-6.156308500226191,0.0,0.0,0.0,0,Low Load
2025-06-08T21:44:51.424588,-9.48472583409753,0.0,0.0,0.0,0,Low Load
2025-06-08T21:44:53.533068,-35.21243477201548,0.0,0.0,0.0,0,Low Load
2025-06-08T21:44:56.444246,-0.3714553704306486,0.0,0.0,0.0,1,High Load
2025-06-08T21:44:58.554941,1.940359097248687,0.0,0.0,0.0,1,High Load
2025-06-08T21:45:01.465983,-2.3047022435865747,0.0,0.0,0.0,1,High Load
2025-06-08T21:45:03.575206,-22.049767117491697,0.0,0.0,0.0,0,Low Load
2025-06-08T21:45:06.486283,-9.510247244964276,0.0,0.0,0.0,0,Low Load
2025-06-08T21:45:08.596117,-8.044892904365339,0.0,0.0,0.0,0,Low Load
2025-06-08T21:45:11.506987,-8.97855118524043,0.0,0.0,0.0,0,Low Load
2025-06-08T21:45:13.615695,-2.5258878044316955,0.0,0.0,0.0,1,High Load
2025-06-08T21:45:16.527327,-2.802369755488117,0.0,0.0,0.0,1,High Load
2025-06-08T21:45:18.634894,0.8131634506340949,0.0,0.0,0.0,1,High Load
2025-06-08T21:45:21.545698,-13.651096158093686,0.0,0.0,0.0,0,Low Load
2025-06-08T21:45:23.653182,-6.571031426810787,0.0,0.0,0.0,0,Low Load
2025-06-08T21:45:26.563282,-27.936705890754244,0.0,0.0,0.0,0,Low Load
2025-06-08T21:45:28.672109,2.5932818585895623,0.0,0.0,0.0,1,High Load
2025-06-08T21:45:31.583266,9.454287813266227,0.0,0.0,0.0,1,High Load
2025-06-08T21:45:33.690053,-9.186976040652178,0.0,0.0,0.0,0,Low Load
2025-06-08T21:45:36.701570,12.735915893881842,0.0,0.0,0.0,1,High Load
2025-06-08T21:45:38.709076,-2.7024108962600266,0.0,0.0,0.0,1,High Load
2025-06-08T21:45:41.719779,-5.241791277501177,0.0,0.0,0.0,0,Low Load
2025-06-08T21:45:43.727046,-19.884700762296166,0.0,0.0,0.0,0,Low Load
2025-06-08T21:45:46.737861,-24.376469074843282,0.0,0.0,0.0,0,Low Load
2025-06-08T21:45:48.744886,-7.485548649535838,0.0,0.0,0.0,0,Low Load
2025-06-08T21:45:51.754784,9.316046837738028,0.0,0.0,0.0,1,High Load
2025-06-08T21:45:53.861931,-17.460166729955365,0.0,0.0,0.0,0,Low Load
2025-06-08T21:45:56.772787,-10.237607454666506,0.0,0.0,0.0,0,Low Load
2025-06-08T21:45:58.880972,-27.875029147826268,0.0,0.0,0.0,0,Low Load
2025-06-08T21:46:01.789505,-4.340034760209501,0.0,0.0,0.0,1,High Load
2025-06-08T21:46:03.895456,-7.861989459820339,0.0,0.0,0.0,0,Low Load
2025-06-08T21:46:06.804584,7.1743751091703185,0.0,0.0,0.0,1,High Load
2025-06-08T21:46:08.910193,8.901323911153394,0.0,0.0,0.0,1,High Load
2025-06-08T21:46:11.820716,7.7400997167165,0.0,0.0,0.0,1,High Load
2025-06-08T21:46:13.927186,-13.610687257554668,0.0,0.0,0.0,0,Low Load
2025-06-08T21:46:16.836033,-6.600806406155329,0.0,0.0,0.0,0,Low Load
2025-06-08T21:46:18.943010,-20.435537880170074,0.0,0.0,0.0,0,Low Load
2025-06-08T21:46:21.853193,-13.436290949965212,0.0,0.0,0.0,0,Low Load
2025-06-08T21:46:23.960406,-3.2341069559838833,0.0,0.0,0.0,1,High Load
2025-06-08T21:46:26.869087,-12.245291776183812,0.0,0.0,0.0,0,Low Load
2025-06-08T21:46:28.975809,-14.204060060206483,0.0,0.0,0.0,0,Low Load
2025-06-08T21:46:31.883486,-6.5880457007219455,0.0,0.0,0.0,0,Low Load
2025-06-08T21:46:33.989169,14.199143450241905,0.0,0.0,0.0,1,High Load
2025-06-08T21:46:36.896738,10.602751302269759,0.0,0.0,0.0,1,High Load
2025-06-08T21:46:39.002597,-15.703442948627783,0.0,0.0,0.0,0,Low Load
2025-06-08T21:46:41.911324,6.170532948411689,0.0,0.0,0.0,1,High Load
2025-06-08T21:46:44.018840,-3.3808550684676724,0.0,0.0,0.0,1,High Load
2025-06-08T21:46:46.928832,4.8540535045353925,0.0,0.0,0.0,1,High Load
2025-06-08T21:46:49.034894,-12.302714950633986,0.0,0.0,0.0,0,Low Load
2025-06-08T21:46:51.945439,-13.86164779774432,0.0,0.0,0.0,0,Low Load
2025-06-08T21:46:54.052453,-0.2183269052301784,0.0,0.0,0.0,1,High Load
2025-06-08T21:46:56.963648,-5.3353697840125625,0.0,0.0,0.0,0,Low Load
2025-06-08T21:46:59.071531,19.22898817522957,0.0,0.0,0.0,1,High Load
2025-06-08T21:47:02.082229,8.80774540464201,0.0,0.0,0.0,1,High Load
2025-06-08T21:47:04.091136,-11.011756917624435,0.0,0.0,0.0,0,Low Load
2025-06-08T21:47:07.103787,-3.404249695095522,0.0,0.0,0.0,1,High Load
2025-06-08T21:47:09.110591,-15.835303571439264,0.0,0.0,0.0,0,Low Load
2025-06-08T21:47:12.122491,4.073523688860794,0.0,0.0,0.0,1,High Load
2025-06-08T21:47:14.129594,-28.63854468958972,0.0,0.0,0.0,0,Low Load
2025-06-08T21:47:17.141530,-15.207902220965137,0.0,0.0,0.0,0,Low Load
2025-06-08T21:47:19.147469,-1.064787032310542,0.0,0.0,0.0,1,High Load
2025-06-08T21:47:22.157845,-24.52534397156597,0.0,0.0,0.0,0,Low Load
2025-06-08T21:47:24.164490,-14.459274168873906,0.0,0.0,0.0,0,Low Load
2025-06-08T21:47:27.174307,-10.275889570966639,0.0,0.0,0.0,0,Low Load
2025-06-08T21:47:29.182472,7.170121540692512,0.0,0.0,0.0,1,High Load
2025-06-08T21:47:32.193182,-13.880788855894385,0.0,0.0,0.0,0,Low Load
2025-06-08T21:47:34.200304,-17.487814925060995,0.0,0.0,0.0,0,Low Load
2025-06-08T21:47:37.210609,3.6141382932593835,0.0,0.0,0.0,1,High Load
2025-06-08T21:47:39.217880,-4.320893702059446,0.0,0.0,0.0,1,High Load
2025-06-08T21:47:42.231004,-26.930736945756678,0.0,0.0,0.0,0,Low Load
2025-06-08T21:47:44.239205,-3.404249695095522,0.0,0.0,0.0,1,High Load
2025-06-08T21:47:47.249369,-6.058476425236998,0.0,0.0,0.0,0,Low Load
2025-06-08T21:47:49.255410,-0.9095317828711977,0.0,0.0,0.0,1,High Load
2025-06-08T21:47:52.266301,-14.995223797075571,0.0,0.0,0.0,0,Low Load
2025-06-08T21:47:54.306990,-32.36041710765671,0.0,0.0,0.0,0,Low Load
2025-06-08T21:47:57.319514,4.800883898563036,0.0,0.0,0.0,1,High Load
2025-06-08T21:47:59.327664,-8.389431951066411,0.0,0.0,0.0,0,Low Load
2025-06-08T21:48:02.338251,-1.6262580713789523,0.0,0.0,0.0,1,High Load
2025-06-08T21:48:04.345131,-1.6709205403957417,0.0,0.0,0.0,1,High Load
2025-06-08T21:48:07.358163,-24.776304511755644,0.0,0.0,0.0,0,Low Load
2025-06-08T21:48:09.264515,7.123332287436836,0.0,0.0,0.0,1,High Load
2025-06-08T21:48:12.374814,-8.095935726098832,0.0,0.0,0.0,0,Low Load
2025-06-08T21:48:14.281103,-5.033366422089417,0.0,0.0,0.0,0,Low Load
2025-06-08T21:48:17.392001,-19.3955403873502,0.0,0.0,0.0,0,Low Load
2025-06-08T21:48:19.298445,-15.814035729050314,0.0,0.0,0.0,0,Low Load
2025-06-08T21:48:22.409348,-3.278769425000685,0.0,0.0,0.0,1,High Load
2025-06-08T21:48:24.316978,-17.345320381055014,0.0,0.0,0.0,0,Low Load
2025-06-08T21:48:27.430101,-11.29461922139756,0.0,0.0,0.0,0,Low Load
2025-06-08T21:48:29.336612,13.469656456300777,0.0,0.0,0.0,1,High Load
2025-06-08T21:48:32.447107,-20.45680572255905,0.0,0.0,0.0,0,Low Load
2025-06-08T21:48:34.358620,-5.180114534573194,0.0,0.0,0.0,0,Low Load
2025-06-08T21:48:37.469529,-21.262856949100385,0.0,0.0,0.0,0,Low Load
2025-06-08T21:48:39.476991,-1.134970912194102,0.0,0.0,0.0,1,High Load
2025-06-08T21:48:42.487416,10.307128293063283,0.0,0.0,0.0,1,High Load
2025-06-08T21:48:44.494150,-2.472718198459304,0.0,0.0,0.0,1,High Load
2025-06-08T21:48:47.505175,-7.5068164919247895,0.0,0.0,0.0,0,Low Load
2025-06-08T21:48:49.413236,0.5451886365332986,0.0,0.0,0.0,1,High Load
2025-06-08T21:48:52.525027,-28.70234821675658,0.0,0.0,0.0,0,Low Load
2025-06-08T21:48:54.432441,-4.093327788497633,0.0,0.0,0.0,1,High Load
2025-06-08T21:48:57.546090,-17.336813244099424,0.0,0.0,0.0,0,Low Load
2025-06-08T21:48:59.453132,-11.275478163247472,0.0,0.0,0.0,0,Low Load
2025-06-08T21:49:02.564205,-5.318355510101394,0.0,0.0,0.0,0,Low Load
2025-06-08T21:49:04.470613,-15.950149920339637,0.0,0.0,0.0,0,Low Load
2025-06-08T21:49:07.580690,7.114825150481234,0.0,0.0,0.0,1,High Load
2025-06-08T21:49:09.488768,-8.540433632027984,0.0,0.0,0.0,0,Low Load
2025-06-08T21:49:12.600835,-0.18429835740782938,0.0,0.0,0.0,1,High Load
2025-06-08T21:49:14.508101,-3.0065410424220818,0.0,0.0,0.0,1,High Load
2025-06-08T21:49:17.617928,-1.2221690659887954,0.0,0.0,0.0,1,High Load
2025-06-08T21:49:19.525874,17.285107380879168,0.0,0.0,0.0,1,High Load
2025-06-08T21:49:22.637318,3.433361632953281,0.0,0.0,0.0,1,High Load
2025-06-08T21:49:24.644693,-15.439721703004722,0.0,0.0,0.0,0,Low Load
2025-06-08T21:49:27.654939,-4.603756005832537,0.0,0.0,0.0,1,High Load
2025-06-08T21:49:29.668130,-23.544896437435177,0.0,0.0,0.0,0,Low Load
2025-06-08T21:49:32.678632,-22.353897263653728,0.0,0.0,0.0,0,Low Load
2025-06-08T21:49:34.686407,-6.390254766504697,0.0,0.0,0.0,0,Low Load
2025-06-08T21:49:37.797192,-10.930939116546423,0.0,0.0,0.0,0,Low Load
2025-06-08T21:49:39.705050,2.542239036856092,0.0,0.0,0.0,1,High Load
2025-06-08T21:49:42.716089,-32.37743138156786,0.0,0.0,0.0,0,Low Load
2025-06-08T21:49:44.723530,-19.019099577065724,0.0,0.0,0.0,0,Low Load
2025-06-08T21:49:47.734550,-16.264913987696143,0.0,0.0,0.0,0,Low Load
2025-06-08T21:49:49.741943,-10.446032310078278,0.0,0.0,0.0,0,Low Load
2025-06-08T21:49:52.752433,8.4844742003299,0.0,0.0,0.0,1,High Load
2025-06-08T21:49:54.759033,9.739276901278203,0.0,0.0,0.0,1,High Load
2025-06-08T21:49:57.770458,-5.837290864391877,0.0,0.0,0.0,0,Low Load
2025-06-08T21:49:59.778050,1.1598292815740534,0.0,0.0,0.0,1,High Load
2025-06-08T21:50:02.891482,-21.703101286551764,0.0,0.0,0.0,0,Low Load
2025-06-08T21:50:04.797338,-9.933477308504475,0.0,0.0,0.0,0,Low Load
2025-06-08T21:50:07.906457,15.379508702828865,0.0,0.0,0.0,1,High Load
2025-06-08T21:50:09.813214,-11.61576364147075,0.0,0.0,0.0,0,Low Load
2025-06-08T21:50:12.925876,6.6384254809686665,0.0,0.0,0.0,1,High Load
2025-06-08T21:50:14.832316,-10.209959259560874,0.0,0.0,0.0,0,Low Load
2025-06-08T21:50:17.943535,2.952708394962918,0.0,0.0,0.0,1,High Load
2025-06-08T21:50:19.851152,-5.752219494836069,0.0,0.0,0.0,0,Low Load
2025-06-08T21:50:22.961201,-0.6160355579036191,0.0,0.0,0.0,1,High Load
2025-06-08T21:50:24.868296,3.316388499814033,0.0,0.0,0.0,1,High Load
2025-06-08T21:50:27.979134,-3.793451210813396,0.0,0.0,0.0,1,High Load
2025-06-08T21:50:29.988122,-28.642798258067497,0.0,0.0,0.0,0,Low Load
2025-06-08T21:50:33.001692,-12.547295138106932,0.0,0.0,0.0,0,Low Load
2025-06-08T21:50:35.013466,-14.423118836812707,0.0,0.0,0.0,0,Low Load
2025-06-08T21:50:38.026065,-20.53124317092036,0.0,0.0,0.0,0,Low Load
2025-06-08T21:50:40.032810,-2.3408575756477976,0.0,0.0,0.0,1,High Load
2025-06-08T21:50:43.047203,-0.2651161584858773,0.0,0.0,0.0,1,High Load
2025-06-08T21:50:45.057873,-20.88641613881593,0.0,0.0,0.0,0,Low Load
2025-06-08T21:50:48.071096,-10.469426936706116,0.0,0.0,0.0,0,Low Load
2025-06-08T21:50:50.078518,-19.59545810580638,0.0,0.0,0.0,0,Low Load
2025-06-08T21:50:53.189709,20.539087266389163,0.0,0.0,0.0,1,High Load
2025-06-08T21:50:55.031116,-14.089213711306133,0.0,0.0,0.0,0,Low Load
2025-06-08T21:50:58.144133,8.265415423723677,0.0,0.0,0.0,1,High Load
2025-06-08T21:51:00.162641,4.798757114324127,0.0,0.0,0.0,1,High Load
2025-06-08T21:51:03.275728,14.054522121997012,0.0,0.0,0.0,1,High Load
2025-06-08T21:51:05.183882,4.700925039334946,0.0,0.0,0.0,1,High Load
2025-06-08T21:51:08.295197,-10.911798058396357,0.0,0.0,0.0,0,Low Load
2025-06-08T21:51:10.201934,-23.778842703713696,0.0,0.0,0.0,0,Low Load
2025-06-08T21:51:13.315645,-1.0498995426382707,0.0,0.0,0.0,1,High Load
2025-06-08T21:51:15.221598,-1.3625368257559156,0.0,0.0,0.0,1,High Load
2025-06-08T21:51:18.337116,-25.24632382855152,0.0,0.0,0.0,0,Low Load
2025-06-08T21:51:20.245556,-6.947472237095289,0.0,0.0,0.0,0,Low Load
2025-06-08T21:51:23.360353,-0.818080060598662,0.0,0.0,0.0,1,High Load
2025-06-08T21:51:25.267400,-21.00764284043294,0.0,0.0,0.0,0,Low Load
2025-06-08T21:51:28.379214,-16.264913987696143,0.0,0.0,0.0,0,Low Load
2025-06-08T21:51:30.286316,15.668751359318636,0.0,0.0,0.0,1,High Load
2025-06-08T21:51:33.398877,-8.227796348910339,0.0,0.0,0.0,0,Low Load
2025-06-08T21:51:35.306261,0.5919778897889858,0.0,0.0,0.0,1,High Load
2025-06-08T21:51:38.417978,-27.66660429241452,0.0,0.0,0.0,0,Low Load
2025-06-08T21:51:40.327635,-9.284808115641372,0.0,0.0,0.0,0,Low Load
2025-06-08T21:51:43.438790,-26.841412007723097,0.0,0.0,0.0,0,Low Load
2025-06-08T21:51:45.346895,27.997719592195413,0.0,0.0,0.0,1,High Load
2025-06-08T21:51:48.459915,-1.9495292756910376,0.0,0.0,0.0,1,High Load
2025-06-08T21:51:50.366697,-23.627841022752122,0.0,0.0,0.0,0,Low Load
2025-06-08T21:51:53.479103,-10.41838411497262,0.0,0.0,0.0,0,Low Load
2025-06-08T21:51:55.386495,10.696329808781146,0.0,0.0,0.0,1,High Load
2025-06-08T21:51:58.496646,-9.16358141402434,0.0,0.0,0.0,0,Low Load
2025-06-08T21:52:00.404084,-20.650343088298527,0.0,0.0,0.0,0,Low Load
2025-06-08T21:52:03.614970,-14.627290123746658,0.0,0.0,0.0,0,Low Load
2025-06-08T21:52:05.421158,-26.258673126265762,0.0,0.0,0.0,0,Low Load
2025-06-08T21:52:08.632683,-30.235759653000187,0.0,0.0,0.0,0,Low Load
2025-06-08T21:52:10.439313,5.538878029459755,0.0,0.0,0.0,1,High Load
2025-06-08T21:52:13.652776,-19.146706631399436,0.0,0.0,0.0,0,Low Load
2025-06-08T21:52:15.560655,-4.050792103719717,0.0,0.0,0.0,1,High Load
2025-06-08T21:52:18.672354,-1.4795099588951512,0.0,0.0,0.0,1,High Load
2025-06-08T21:52:20.479629,-2.5662967049707137,0.0,0.0,0.0,1,High Load
2025-06-08T21:52:23.696908,-6.705018833861204,0.0,0.0,0.0,0,Low Load
2025-06-08T21:52:25.504609,-2.0431077822024473,0.0,0.0,0.0,1,High Load
2025-06-08T21:52:28.716671,-15.769373260033523,0.0,0.0,0.0,0,Low Load
2025-06-08T21:52:30.523461,20.428494485966596,0.0,0.0,0.0,1,High Load
2025-06-08T21:52:33.736931,-3.6190549032239625,0.0,0.0,0.0,1,High Load
2025-06-08T21:52:35.646098,-2.2621665588086706,0.0,0.0,0.0,1,High Load
2025-06-08T21:52:38.759848,-19.353004702572296,0.0,0.0,0.0,0,Low Load
2025-06-08T21:52:40.668744,7.861326418333543,0.0,0.0,0.0,1,High Load
2025-06-08T21:52:43.793479,2.8038334982402193,0.0,0.0,0.0,1,High Load
2025-06-08T21:52:45.702092,-21.966822532174778,0.0,0.0,0.0,0,Low Load
2025-06-08T21:52:48.816353,-4.710095217777308,0.0,0.0,0.0,1,High Load
2025-06-08T21:52:50.723233,6.325788197851058,0.0,0.0,0.0,1,High Load
2025-06-08T21:52:53.845665,-21.715861991985125,0.0,0.0,0.0,0,Low Load
2025-06-08T21:52:55.653010,-1.324254709455807,0.0,0.0,0.0,1,High Load
2025-06-08T21:52:58.864354,-2.7811019130991537,0.0,0.0,0.0,1,High Load
2025-06-08T21:53:00.770908,-5.324735862818086,0.0,0.0,0.0,0,Low Load
2025-06-08T21:53:03.882428,2.710254991728833,0.0,0.0,0.0,1,High Load
2025-06-08T21:53:05.787334,-32.96867739998079,0.0,0.0,0.0,0,Low Load
2025-06-08T21:53:08.899579,-5.867065843736407,0.0,0.0,0.0,0,Low Load
2025-06-08T21:53:10.807367,-16.21387116596265,0.0,0.0,0.0,0,Low Load
2025-06-08T21:53:13.920656,2.3295606129665494,0.0,0.0,0.0,1,High Load
2025-06-08T21:53:15.829197,-9.603825751475673,0.0,0.0,0.0,0,Low Load
2025-06-08T21:53:18.938739,1.427804095674885,0.0,0.0,0.0,1,High Load
2025-06-08T21:53:20.846292,14.009859652980222,0.0,0.0,0.0,1,High Load
2025-06-08T21:53:23.959285,-26.067262544765146,0.0,0.0,0.0,0,Low Load
2025-06-08T21:53:25.869916,-18.087568080429538,0.0,0.0,0.0,0,Low Load
2025-06-08T21:53:28.982210,-0.9499406834102158,0.0,0.0,0.0,1,High Load
2025-06-08T21:53:30.888057,-5.850051569825238,0.0,0.0,0.0,0,Low Load
2025-06-08T21:53:34.000809,-4.099708141214324,0.0,0.0,0.0,1,High Load
2025-06-08T21:53:35.909662,-13.444798086920825,0.0,0.0,0.0,0,Low Load
